Source IP,Destination IP,Protocol,Source Port,Destination Port,Timestamp,FIN Flag Count,SYN Flag Count,RST Flag Count,PSH Flag Count,ACK Flag Count,URG Flag Count,CWE Flag Count,ECE Flag Count,SYN_ACK_Count,Length,IAT,labels
170.114.52.5,10.50.211.217,6,443,55337,2023-05-30 13:59:19,0,1,0,0,1,0,0,0,1,40,5.131170511245728,0
10.50.211.217,170.114.52.5,6,55337,443,2023-05-30 13:59:19,0,1,0,0,1,0,0,0,1,40,5.1311118602752686,0
170.114.15.96,10.50.211.217,6,443,54900,2023-05-30 13:59:24,0,1,0,1,1,0,0,0,1,235,0.0267677307128906,0
10.50.211.217,170.114.15.96,6,54900,443,2023-05-30 13:59:24,0,0,0,0,1,0,0,0,0,40,0.246845006942749,0
10.50.211.217,27.0.238.92,6,54943,443,2023-05-30 13:59:26,0,1,0,0,1,0,0,0,1,40,0.064014196395874,0
170.114.52.5,10.50.211.217,6,443,55337,2023-05-30 13:59:29,0,1,0,0,1,0,0,0,1,40,5.2248618602752686,0
10.50.211.217,170.114.52.5,6,55337,443,2023-05-30 13:59:29,0,1,0,0,1,0,0,0,1,40,5.2178730964660645,0
27.0.238.92,10.50.211.217,6,443,54943,2023-05-30 13:59:36,0,1,0,1,1,0,0,0,1,137,10.2539644241333,0
10.50.211.217,27.0.238.92,6,54943,443,2023-05-30 13:59:36,0,1,0,0,1,0,0,0,1,40,0.0573790073394775,0
121.53.203.203,10.50.211.217,6,443,54936,2023-05-30 13:59:37,0,1,0,1,1,0,0,0,1,99,0.0345523357391357,0
121.53.203.203,10.50.211.217,6,443,54936,2023-05-30 13:59:37,0,1,0,1,1,0,0,0,1,71,0.0,0
10.50.211.217,121.53.203.203,6,54936,443,2023-05-30 13:59:37,0,1,0,0,1,0,0,0,1,40,0.0580813884735107,0
10.50.211.217,13.76.153.29,6,54908,443,2023-05-30 13:59:39,0,1,0,0,1,0,0,0,1,40,0.1105628013610839,0
170.114.52.5,10.50.211.217,6,443,55337,2023-05-30 13:59:39,0,1,0,0,1,0,0,0,1,40,5.11684775352478,0
10.50.211.217,170.114.52.5,6,55337,443,2023-05-30 13:59:39,0,1,0,0,1,0,0,0,1,40,5.125176668167114,0
121.53.203.203,10.50.211.217,6,443,54936,2023-05-30 13:59:45,0,1,0,0,1,0,0,0,1,1500,0.0130434036254882,0
121.53.203.203,10.50.211.217,6,443,54936,2023-05-30 13:59:45,0,1,0,0,1,0,0,0,1,1500,0.0011889934539794,0
121.53.203.203,10.50.211.217,6,443,54936,2023-05-30 13:59:45,0,1,0,0,1,0,0,0,1,1500,0.0010056495666503,0
121.53.203.203,10.50.211.217,6,443,54936,2023-05-30 13:59:45,0,1,0,0,1,0,0,0,1,1500,0.0,0
121.53.203.203,10.50.211.217,6,443,54936,2023-05-30 13:59:45,0,1,0,0,1,0,0,0,1,1500,0.0010042190551757,0
10.50.211.217,121.53.203.203,6,54936,443,2023-05-30 13:59:45,0,1,0,0,1,0,0,0,1,40,0.0481011867523193,0
121.53.203.203,10.50.211.217,6,443,54936,2023-05-30 13:59:45,0,1,0,0,1,0,0,0,1,1500,0.0914933681488037,0
10.50.211.217,27.0.236.54,6,55621,443,2023-05-30 13:59:46,0,1,0,0,1,0,0,0,1,40,0.0,0
10.50.211.217,27.0.236.54,6,55620,443,2023-05-30 13:59:46,0,1,0,0,1,0,0,0,1,40,0.0070695877075195,0
10.50.211.217,27.0.236.54,6,55622,443,2023-05-30 13:59:46,0,1,0,0,1,0,0,0,1,40,0.0070695877075195,0
10.50.211.217,27.0.236.54,6,55623,443,2023-05-30 13:59:46,0,1,0,0,1,0,0,0,1,40,0.011709451675415,0
27.0.236.54,10.50.211.217,6,443,55621,2023-05-30 13:59:46,0,1,0,0,1,0,0,0,1,40,0.0142598152160644,0
27.0.236.54,10.50.211.217,6,443,55620,2023-05-30 13:59:46,0,1,0,0,1,0,0,0,1,40,0.0142598152160644,0
27.0.236.54,10.50.211.217,6,443,55622,2023-05-30 13:59:46,0,1,0,0,1,0,0,0,1,40,0.0162034034729003,0
27.0.236.54,10.50.211.217,6,443,55621,2023-05-30 13:59:46,0,1,0,0,1,0,0,0,1,1500,0.0015108585357666,0
27.0.236.54,10.50.211.217,6,443,55620,2023-05-30 13:59:46,0,1,0,0,1,0,0,0,1,1500,0.0,0
10.50.211.217,27.0.236.54,6,55621,443,2023-05-30 13:59:46,0,1,0,0,1,0,0,0,1,40,0.0142798423767089,0
10.50.211.217,27.0.236.54,6,55620,443,2023-05-30 13:59:46,0,1,0,0,1,0,0,0,1,40,0.0157887935638427,0
27.0.236.54,10.50.211.217,6,443,55623,2023-05-30 13:59:46,0,1,0,0,1,0,0,0,1,40,0.0128810405731201,0
27.0.236.54,10.50.211.217,6,443,55622,2023-05-30 13:59:46,0,1,0,0,1,0,0,0,1,1500,0.001476764678955,0
10.50.211.217,27.0.236.54,6,55622,443,2023-05-30 13:59:46,0,1,0,0,1,0,0,0,1,40,0.0206241607666015,0
27.0.236.54,10.50.211.217,6,443,55623,2023-05-30 13:59:46,0,1,0,0,1,0,0,0,1,1500,0.0,0
10.50.211.217,27.0.236.54,6,55623,443,2023-05-30 13:59:46,0,1,0,0,1,0,0,0,1,40,0.020808458328247,0
27.0.236.54,10.50.211.217,6,443,55621,2023-05-30 13:59:46,0,1,0,1,1,0,0,0,1,298,0.0126702785491943,0
27.0.236.54,10.50.211.217,6,443,55620,2023-05-30 13:59:46,0,1,0,1,1,0,0,0,1,298,0.0209133625030517,0
10.50.211.217,27.0.236.54,6,55621,443,2023-05-30 13:59:46,0,1,0,1,1,0,0,0,1,187,0.0118007659912109,0
10.50.211.217,27.0.236.54,6,55620,443,2023-05-30 13:59:46,0,1,0,1,1,0,0,0,1,187,0.0150601863861083,0
27.0.236.54,10.50.211.217,6,443,55622,2023-05-30 13:59:46,0,1,0,1,1,0,0,0,1,298,0.0200660228729248,0
27.0.236.54,10.50.211.217,6,443,55623,2023-05-30 13:59:46,0,1,0,1,1,0,0,0,1,298,0.0193712711334228,0
27.0.236.54,10.50.211.217,6,443,55621,2023-05-30 13:59:46,0,1,0,0,1,0,0,0,1,1500,0.0021870136260986,0
27.0.236.54,10.50.211.217,6,443,55621,2023-05-30 13:59:46,0,1,0,0,1,0,0,0,1,1500,0.0010054111480712,0
27.0.236.54,10.50.211.217,6,443,55621,2023-05-30 13:59:46,0,1,0,1,1,0,0,0,1,1245,0.0020711421966552,0
27.0.236.54,10.50.211.217,6,443,55621,2023-05-30 13:59:46,0,1,0,0,1,0,0,0,1,1500,0.0010018348693847,0
27.0.236.54,10.50.211.217,6,443,55621,2023-05-30 13:59:46,0,1,0,0,1,0,0,0,1,1500,0.0009958744049072,0
27.0.236.54,10.50.211.217,6,443,55620,2023-05-30 13:59:46,0,1,0,0,1,0,0,0,1,1500,0.0,0
27.0.236.54,10.50.211.217,6,443,55620,2023-05-30 13:59:46,0,1,0,0,1,0,0,0,1,1500,0.0009970664978027,0
27.0.236.54,10.50.211.217,6,443,55620,2023-05-30 13:59:46,0,1,0,1,1,0,0,0,1,1245,0.0012898445129394,0
27.0.236.54,10.50.211.217,6,443,55620,2023-05-30 13:59:46,0,1,0,0,1,0,0,0,1,1500,0.0,0
10.50.211.217,27.0.236.54,6,55621,443,2023-05-30 13:59:46,0,1,0,0,1,0,0,0,1,40,0.016740083694458,0
10.50.211.217,27.0.236.54,6,55622,443,2023-05-30 13:59:46,0,1,0,1,1,0,0,0,1,187,0.0397536754608154,0
10.50.211.217,27.0.236.54,6,55623,443,2023-05-30 13:59:46,0,1,0,1,1,0,0,0,1,187,0.0398287773132324,0
10.50.211.217,27.0.236.54,6,55620,443,2023-05-30 13:59:46,1,1,0,0,1,0,0,0,1,40,0.0023200511932373,0
27.0.236.54,10.50.211.217,6,443,55621,2023-05-30 13:59:46,0,1,0,0,1,0,0,0,1,1500,0.0020856857299804,0
27.0.236.54,10.50.211.217,6,443,55622,2023-05-30 13:59:46,0,1,0,0,1,0,0,0,1,1500,0.0009965896606445,0
27.0.236.54,10.50.211.217,6,443,55622,2023-05-30 13:59:46,0,1,0,1,1,0,0,0,1,144,0.0014429092407226,0
27.0.236.54,10.50.211.217,6,443,55623,2023-05-30 13:59:46,0,1,0,0,1,0,0,0,1,1500,0.0011398792266845,0
27.0.236.54,10.50.211.217,6,443,55623,2023-05-30 13:59:46,0,1,0,0,1,0,0,0,1,1500,0.0009965896606445,0
27.0.236.54,10.50.211.217,6,443,55623,2023-05-30 13:59:46,0,1,0,0,1,0,0,0,1,1500,0.0,0
27.0.236.54,10.50.211.217,6,443,55623,2023-05-30 13:59:46,0,1,0,0,1,0,0,0,1,1500,0.0,0
10.50.211.217,27.0.236.54,6,55621,443,2023-05-30 13:59:46,1,1,0,0,1,0,0,0,1,40,0.0010321140289306,0
10.50.211.217,27.0.236.54,6,55622,443,2023-05-30 13:59:46,1,1,0,0,1,0,0,0,1,40,0.0020294189453125,0
27.0.236.54,10.50.211.217,6,443,55620,2023-05-30 13:59:46,1,1,0,0,1,0,0,0,1,40,0.0938587188720703,0
27.0.236.54,10.50.211.217,6,443,55621,2023-05-30 13:59:46,0,1,0,1,1,0,0,0,1,1469,0.0231940746307373,0
27.0.236.54,10.50.211.217,6,443,55623,2023-05-30 13:59:46,0,1,0,0,1,0,0,0,1,1500,0.0070414543151855,0
27.0.236.54,10.50.211.217,6,443,55623,2023-05-30 13:59:46,0,1,0,1,1,0,0,0,1,722,0.0009970664978027,0
10.50.211.217,27.0.236.54,6,55623,443,2023-05-30 13:59:46,0,1,0,0,1,0,0,0,1,40,0.0120027065277099,0
10.50.211.217,27.0.236.54,6,55621,443,2023-05-30 13:59:46,0,1,0,0,1,0,0,0,1,40,0.0019919872283935,0
10.50.211.217,27.0.236.54,6,55623,443,2023-05-30 13:59:46,0,1,0,0,1,0,0,0,1,40,0.0044896602630615,0
10.50.211.217,27.0.238.92,6,54943,443,2023-05-30 13:59:48,0,1,0,0,1,0,0,0,1,40,0.0784339904785156,0
170.114.52.5,10.50.211.217,6,443,55337,2023-05-30 13:59:50,0,1,0,0,1,0,0,0,1,40,5.1352386474609375,0
10.50.211.217,170.114.52.5,6,55337,443,2023-05-30 13:59:50,0,1,0,0,1,0,0,0,1,40,5.12494969367981,0
10.50.211.217,170.114.15.96,6,54900,443,2023-05-30 13:59:54,0,0,0,1,1,0,0,0,0,257,1.2070305347442627,0
27.0.238.92,10.50.211.217,6,443,54943,2023-05-30 13:59:54,0,1,0,1,1,0,0,0,1,150,5.595574617385864,0
170.114.15.96,10.50.211.217,6,443,54900,2023-05-30 13:59:54,0,1,0,0,1,0,0,0,1,40,1.0544991493225098,0
10.50.211.217,27.0.238.92,6,54943,443,2023-05-30 13:59:57,0,1,0,0,1,0,0,0,1,40,3.540917158126831,0
27.0.238.92,10.50.211.217,6,443,54943,2023-05-30 13:59:58,0,1,0,1,1,0,0,0,1,313,0.4608874320983886,0
170.114.52.5,10.50.211.217,6,443,55337,2023-05-30 14:00:00,0,1,0,0,1,0,0,0,1,40,5.059717178344727,0
10.50.211.217,170.114.52.5,6,55337,443,2023-05-30 14:00:00,0,1,0,0,1,0,0,0,1,40,5.118597984313965,0
10.50.211.217,35.174.127.31,6,55375,443,2023-05-30 14:00:00,0,1,0,1,1,0,0,0,1,287,16.514018535614014,0
35.174.127.31,10.50.211.217,6,443,55375,2023-05-30 14:00:00,0,1,0,1,1,0,0,0,1,308,16.80324649810791,0
10.50.211.217,27.0.238.92,6,54943,443,2023-05-30 14:00:03,0,1,0,0,1,0,0,0,1,40,4.762013673782349,0
27.0.238.92,10.50.211.217,6,443,54943,2023-05-30 14:00:04,0,1,0,1,1,0,0,0,1,150,1.7012367248535156,0
10.50.211.217,20.42.65.90,6,55624,443,2023-05-30 14:00:08,0,1,0,0,1,0,0,0,1,40,0.1921851634979248,0
20.42.65.90,10.50.211.217,6,443,55624,2023-05-30 14:00:08,0,1,0,0,1,0,0,0,1,1500,0.20363450050354,0
20.42.65.90,10.50.211.217,6,443,55624,2023-05-30 14:00:08,0,1,0,0,1,0,0,0,1,1500,0.0,0
10.50.211.217,20.42.65.90,6,55624,443,2023-05-30 14:00:08,0,1,0,0,1,0,0,0,1,40,0.1683559417724609,0
20.42.65.90,10.50.211.217,6,443,55624,2023-05-30 14:00:09,0,1,0,1,1,0,0,0,1,91,0.2346611022949218,0
10.50.211.217,20.42.65.90,6,55624,443,2023-05-30 14:00:09,0,1,0,1,1,0,0,0,1,0,0.2340598106384277,0
20.42.65.90,10.50.211.217,6,443,55624,2023-05-30 14:00:09,0,1,0,1,1,0,0,0,1,494,0.0544784069061279,0
10.50.211.217,20.42.65.90,6,55624,443,2023-05-30 14:00:09,1,1,0,0,1,0,0,0,1,40,0.252037763595581,0
170.114.52.5,10.50.211.217,6,443,55337,2023-05-30 14:00:10,0,1,0,0,1,0,0,0,1,40,5.130076169967651,0
10.50.211.217,170.114.52.5,6,55337,443,2023-05-30 14:00:10,0,1,0,0,1,0,0,0,1,40,5.146310806274414,0
10.50.211.217,168.126.63.1,17,62963,53,2023-05-30 14:00:13,0,0,0,0,0,0,0,0,0,60,26.919148683547974,0
168.126.63.1,10.50.211.217,17,53,62963,2023-05-30 14:00:13,0,1,0,0,0,0,0,0,0,107,26.921553134918213,0
10.50.211.217,110.76.141.62,6,55625,443,2023-05-30 14:00:13,0,1,0,0,1,0,0,0,1,40,0.0025367736816406,0
110.76.141.62,10.50.211.217,6,443,55625,2023-05-30 14:00:13,0,1,0,0,1,0,0,0,1,40,0.003312349319458,0
110.76.141.62,10.50.211.217,6,443,55625,2023-05-30 14:00:13,0,1,0,0,1,0,0,0,1,1500,0.0011956691741943,0
10.50.211.217,110.76.141.62,6,55625,443,2023-05-30 14:00:13,0,1,0,0,1,0,0,0,1,40,0.0066664218902587,0
110.76.141.62,10.50.211.217,6,443,55625,2023-05-30 14:00:13,0,1,0,1,1,0,0,0,1,298,0.0049858093261718,0
10.50.211.217,110.76.141.62,6,55625,443,2023-05-30 14:00:13,0,1,0,1,1,0,0,0,1,245,0.0049986839294433,0
110.76.141.62,10.50.211.217,6,443,55625,2023-05-30 14:00:13,0,1,0,0,1,0,0,0,1,1500,0.0037498474121093,0
10.50.211.217,110.76.141.62,6,55625,443,2023-05-30 14:00:13,1,1,0,0,1,0,0,0,1,40,0.0,0
110.76.141.62,10.50.211.217,6,443,55625,2023-05-30 14:00:13,1,1,0,0,1,0,0,0,1,40,0.0029973983764648,0
10.50.211.217,13.107.5.93,6,55570,443,2023-05-30 14:00:13,0,1,0,0,1,0,0,0,1,41,45.015403747558594,0
13.107.5.93,10.50.211.217,6,443,55570,2023-05-30 14:00:13,0,1,0,0,1,0,0,0,1,52,45.023542404174805,0
10.50.211.217,168.126.63.1,17,62258,53,2023-05-30 14:00:14,0,0,0,0,0,0,0,0,0,65,5.576437711715698,0
10.50.211.217,168.126.63.1,17,63943,53,2023-05-30 14:00:14,0,0,0,0,0,0,0,0,0,65,5.588101387023926,0
168.126.63.1,10.50.211.217,17,53,62258,2023-05-30 14:00:14,0,1,0,0,0,0,0,0,0,124,5.583299398422241,0
168.126.63.1,10.50.211.217,17,53,63943,2023-05-30 14:00:14,0,0,0,0,0,0,0,0,0,175,5.553214073181152,0
10.50.211.217,203.217.237.67,6,55626,443,2023-05-30 14:00:14,0,1,0,0,1,0,0,0,1,40,0.0036375522613525,0
203.217.237.67,10.50.211.217,6,443,55626,2023-05-30 14:00:14,0,1,0,0,1,0,0,0,1,1500,0.0057916641235351,0
203.217.237.67,10.50.211.217,6,443,55626,2023-05-30 14:00:14,0,1,0,1,1,0,0,0,1,984,0.0,0
10.50.211.217,203.217.237.67,6,55626,443,2023-05-30 14:00:14,0,1,0,0,1,0,0,0,1,40,0.0093073844909667,0
203.217.237.67,10.50.211.217,6,443,55626,2023-05-30 14:00:14,0,1,0,1,1,0,0,0,1,115,0.0069823265075683,0
10.50.211.217,203.217.237.67,6,55626,443,2023-05-30 14:00:14,0,1,0,1,1,0,0,0,1,701,0.0106174945831298,0
203.217.237.67,10.50.211.217,6,443,55626,2023-05-30 14:00:14,0,1,0,0,1,0,0,0,1,1500,0.0511474609375,0
203.217.237.67,10.50.211.217,6,443,55626,2023-05-30 14:00:14,0,1,0,1,1,0,0,0,1,245,0.0005419254302978,0
10.50.211.217,203.217.237.67,6,55626,443,2023-05-30 14:00:14,0,1,0,1,1,0,0,0,1,93,0.0080735683441162,0
203.217.237.67,10.50.211.217,6,443,55626,2023-05-30 14:00:14,0,1,0,0,1,0,0,0,1,40,0.0130596160888671,0
10.50.211.217,211.231.116.86,6,55627,443,2023-05-30 14:00:14,0,1,0,0,1,0,0,0,1,40,0.0009975433349609,0
211.231.116.86,10.50.211.217,6,443,55627,2023-05-30 14:00:14,0,1,0,0,1,0,0,0,1,40,0.0025444030761718,0
211.231.116.86,10.50.211.217,6,443,55627,2023-05-30 14:00:14,0,1,0,1,1,0,0,0,1,1158,0.0018680095672607,0
10.50.211.217,211.231.116.86,6,55627,443,2023-05-30 14:00:14,0,1,0,0,1,0,0,0,1,40,0.0062346458435058,0
10.50.211.217,211.231.116.86,6,55627,443,2023-05-30 14:00:14,0,1,0,1,1,0,0,0,1,358,0.0009958744049072,0
211.231.116.86,10.50.211.217,6,443,55627,2023-05-30 14:00:14,0,1,0,1,1,0,0,0,1,327,0.0010018348693847,0
211.231.116.86,10.50.211.217,6,443,55627,2023-05-30 14:00:14,0,1,0,0,1,0,0,0,1,1500,0.0,0
211.231.116.86,10.50.211.217,6,443,55627,2023-05-30 14:00:14,0,1,0,1,1,0,0,0,1,1238,0.0014383792877197,0
211.231.116.86,10.50.211.217,6,443,55627,2023-05-30 14:00:14,0,1,0,0,1,0,0,0,1,1500,0.0,0
211.231.116.86,10.50.211.217,6,443,55627,2023-05-30 14:00:14,0,1,0,0,1,0,0,0,1,1500,0.0,0
10.50.211.217,211.231.116.86,6,55627,443,2023-05-30 14:00:14,0,1,0,0,1,0,0,0,1,40,0.0079264640808105,0
211.231.116.86,10.50.211.217,6,443,55627,2023-05-30 14:00:14,0,1,0,0,1,0,0,0,1,1500,0.0010015964508056,0
211.231.116.86,10.50.211.217,6,443,55627,2023-05-30 14:00:14,0,1,0,0,1,0,0,0,1,1500,0.0009968280792236,0
211.231.116.86,10.50.211.217,6,443,55627,2023-05-30 14:00:14,0,1,0,0,1,0,0,0,1,1500,0.0029916763305664,0
211.231.116.86,10.50.211.217,6,443,55627,2023-05-30 14:00:14,0,1,0,0,1,0,0,0,1,1500,0.0005080699920654,0
211.231.116.86,10.50.211.217,6,443,55627,2023-05-30 14:00:14,0,1,0,0,1,0,0,0,1,1500,0.0,0
211.231.116.86,10.50.211.217,6,443,55627,2023-05-30 14:00:14,0,1,0,0,1,0,0,0,1,1500,0.0,0
211.231.116.86,10.50.211.217,6,443,55627,2023-05-30 14:00:14,0,1,0,0,1,0,0,0,1,1500,0.0,0
211.231.116.86,10.50.211.217,6,443,55627,2023-05-30 14:00:14,0,1,0,0,1,0,0,0,1,1500,0.0,0
211.231.116.86,10.50.211.217,6,443,55627,2023-05-30 14:00:14,0,1,0,0,1,0,0,0,1,1500,0.0009963512420654,0
10.50.211.217,211.231.116.86,6,55627,443,2023-05-30 14:00:14,0,1,0,0,1,0,0,0,1,40,0.0186953544616699,0
211.231.116.86,10.50.211.217,6,443,55627,2023-05-30 14:00:14,0,1,0,0,1,0,0,0,1,1500,0.0013761520385742,0
211.231.116.86,10.50.211.217,6,443,55627,2023-05-30 14:00:14,0,1,0,0,1,0,0,0,1,1500,0.0,0
211.231.116.86,10.50.211.217,6,443,55627,2023-05-30 14:00:14,0,1,0,0,1,0,0,0,1,1500,0.0009963512420654,0
211.231.116.86,10.50.211.217,6,443,55627,2023-05-30 14:00:14,0,1,0,0,1,0,0,0,1,1500,0.0,0
211.231.116.86,10.50.211.217,6,443,55627,2023-05-30 14:00:14,0,1,0,0,1,0,0,0,1,1500,0.0,0
211.231.116.86,10.50.211.217,6,443,55627,2023-05-30 14:00:14,0,1,0,0,1,0,0,0,1,1500,0.0014717578887939,0
211.231.116.86,10.50.211.217,6,443,55627,2023-05-30 14:00:14,0,1,0,0,1,0,0,0,1,1500,0.0010018348693847,0
211.231.116.86,10.50.211.217,6,443,55627,2023-05-30 14:00:14,0,1,0,0,1,0,0,0,1,1500,0.0,0
211.231.116.86,10.50.211.217,6,443,55627,2023-05-30 14:00:14,0,1,0,0,1,0,0,0,1,1500,0.0010051727294921,0
211.231.116.86,10.50.211.217,6,443,55627,2023-05-30 14:00:14,0,1,0,0,1,0,0,0,1,1500,0.0009970664978027,0
211.231.116.86,10.50.211.217,6,443,55627,2023-05-30 14:00:14,0,1,0,0,1,0,0,0,1,1500,0.0,0
211.231.116.86,10.50.211.217,6,443,55627,2023-05-30 14:00:14,0,1,0,0,1,0,0,0,1,1500,0.001105785369873,0
10.50.211.217,211.231.116.86,6,55627,443,2023-05-30 14:00:14,0,1,0,0,1,0,0,0,1,40,0.0211322307586669,0
211.231.116.86,10.50.211.217,6,443,55627,2023-05-30 14:00:14,0,1,0,0,1,0,0,0,1,1500,0.0009973049163818,0
211.231.116.86,10.50.211.217,6,443,55627,2023-05-30 14:00:14,0,1,0,0,1,0,0,0,1,1500,0.0009975433349609,0
211.231.116.86,10.50.211.217,6,443,55627,2023-05-30 14:00:14,0,1,0,0,1,0,0,0,1,1500,0.0,0
211.231.116.86,10.50.211.217,6,443,55627,2023-05-30 14:00:14,0,1,0,0,1,0,0,0,1,1500,0.0014774799346923,0
211.231.116.86,10.50.211.217,6,443,55627,2023-05-30 14:00:14,0,1,0,0,1,0,0,0,1,1500,0.0010077953338623,0
211.231.116.86,10.50.211.217,6,443,55627,2023-05-30 14:00:14,0,1,0,0,1,0,0,0,1,1500,0.0,0
211.231.116.86,10.50.211.217,6,443,55627,2023-05-30 14:00:14,0,1,0,0,1,0,0,0,1,1500,0.001169204711914,0
211.231.116.86,10.50.211.217,6,443,55627,2023-05-30 14:00:14,0,1,0,0,1,0,0,0,1,1500,0.0,0
10.50.211.217,211.231.116.86,6,55627,443,2023-05-30 14:00:14,0,1,0,0,1,0,0,0,1,40,0.0146911144256591,0
211.231.116.86,10.50.211.217,6,443,55627,2023-05-30 14:00:14,0,1,0,0,1,0,0,0,1,1500,0.0,0
211.231.116.86,10.50.211.217,6,443,55627,2023-05-30 14:00:14,0,1,0,0,1,0,0,0,1,1500,0.0010032653808593,0
211.231.116.86,10.50.211.217,6,443,55627,2023-05-30 14:00:14,0,1,0,0,1,0,0,0,1,1500,0.0010406970977783,0
211.231.116.86,10.50.211.217,6,443,55627,2023-05-30 14:00:14,0,1,0,1,1,0,0,0,1,1500,0.0010919570922851,0
211.231.116.86,10.50.211.217,6,443,55627,2023-05-30 14:00:14,0,1,0,0,1,0,0,0,1,1500,0.0010023117065429,0
211.231.116.86,10.50.211.217,6,443,55627,2023-05-30 14:00:14,0,1,0,0,1,0,0,0,1,1500,0.0,0
211.231.116.86,10.50.211.217,6,443,55627,2023-05-30 14:00:14,0,1,0,0,1,0,0,0,1,1500,0.0012240409851074,0
211.231.116.86,10.50.211.217,6,443,55627,2023-05-30 14:00:14,0,1,0,0,1,0,0,0,1,1500,0.0013401508331298,0
211.231.116.86,10.50.211.217,6,443,55627,2023-05-30 14:00:14,0,1,0,0,1,0,0,0,1,1500,0.0,0
211.231.116.86,10.50.211.217,6,443,55627,2023-05-30 14:00:14,0,1,0,0,1,0,0,0,1,1500,0.0,0
211.231.116.86,10.50.211.217,6,443,55627,2023-05-30 14:00:14,0,1,0,0,1,0,0,0,1,1500,0.0011475086212158,0
211.231.116.86,10.50.211.217,6,443,55627,2023-05-30 14:00:14,0,1,0,0,1,0,0,0,1,1500,0.0009975433349609,0
211.231.116.86,10.50.211.217,6,443,55627,2023-05-30 14:00:14,0,1,0,0,1,0,0,0,1,1500,0.0010004043579101,0
211.231.116.86,10.50.211.217,6,443,55627,2023-05-30 14:00:14,0,1,0,0,1,0,0,0,1,1500,0.0011959075927734,0
211.231.116.86,10.50.211.217,6,443,55627,2023-05-30 14:00:14,0,1,0,0,1,0,0,0,1,1500,0.0,0
10.50.211.217,211.231.116.86,6,55627,443,2023-05-30 14:00:14,0,1,0,0,1,0,0,0,1,40,0.0197401046752929,0
211.231.116.86,10.50.211.217,6,443,55627,2023-05-30 14:00:14,0,1,0,0,1,0,0,0,1,1500,0.0464575290679931,0
211.231.116.86,10.50.211.217,6,443,55627,2023-05-30 14:00:14,0,1,0,0,1,0,0,0,1,1500,0.0009965896606445,0
211.231.116.86,10.50.211.217,6,443,55627,2023-05-30 14:00:14,0,1,0,0,1,0,0,0,1,1500,0.0010228157043457,0
211.231.116.86,10.50.211.217,6,443,55627,2023-05-30 14:00:14,0,1,0,0,1,0,0,0,1,1500,0.0010039806365966,0
211.231.116.86,10.50.211.217,6,443,55627,2023-05-30 14:00:14,0,1,0,0,1,0,0,0,1,1500,0.0010032653808593,0
27.0.238.92,10.50.211.217,6,443,54943,2023-05-30 14:00:14,0,1,0,1,1,0,0,0,1,292,5.752931833267212,0
10.50.211.217,27.0.238.92,6,54943,443,2023-05-30 14:00:14,0,1,0,0,1,0,0,0,1,40,0.0629029273986816,0
10.50.211.217,27.0.238.92,6,54943,443,2023-05-30 14:00:14,0,1,0,1,1,0,0,0,1,138,0.0233004093170166,0
27.0.238.92,10.50.211.217,6,443,54943,2023-05-30 14:00:14,0,1,0,1,1,0,0,0,1,137,0.0226149559020996,0
10.50.211.217,121.53.203.203,6,54936,443,2023-05-30 14:00:14,0,1,0,1,1,0,0,0,1,275,28.730082988739014,0
121.53.203.203,10.50.211.217,6,443,54936,2023-05-30 14:00:14,0,1,0,1,1,0,0,0,1,1008,28.74595546722412,0
121.53.203.203,10.50.211.217,6,443,54936,2023-05-30 14:00:14,0,1,0,1,1,0,0,0,1,71,0.0009963512420654,0
10.50.211.217,20.43.132.130,6,55506,443,2023-05-30 14:00:15,0,1,0,0,1,0,0,0,1,41,45.08104944229126,0
20.43.132.130,10.50.211.217,6,443,55506,2023-05-30 14:00:15,0,1,0,0,1,0,0,0,1,52,45.09026646614075,0
10.50.211.217,40.125.127.28,6,55372,443,2023-05-30 14:00:15,0,1,0,0,1,0,0,0,1,41,45.13040113449097,0
40.125.127.28,10.50.211.217,6,443,55372,2023-05-30 14:00:15,0,1,0,0,1,0,0,0,1,52,45.13994073867798,0
10.50.211.217,168.126.63.1,17,62963,53,2023-05-30 14:00:16,0,0,0,0,0,0,0,0,0,60,2.068898677825928,0
168.126.63.1,10.50.211.217,17,53,62963,2023-05-30 14:00:16,0,1,0,0,0,0,0,0,0,174,2.0676145553588867,0
10.50.211.217,121.53.105.196,6,55628,443,2023-05-30 14:00:16,0,1,0,0,1,0,0,0,1,40,0.0025062561035156,0
121.53.105.196,10.50.211.217,6,443,55628,2023-05-30 14:00:16,0,1,0,0,1,0,0,0,1,40,0.0050313472747802,0
121.53.105.196,10.50.211.217,6,443,55628,2023-05-30 14:00:16,0,1,0,0,1,0,0,0,1,1500,0.0010042190551757,0
121.53.105.196,10.50.211.217,6,443,55628,2023-05-30 14:00:16,0,1,0,1,1,0,0,0,1,117,0.0,0
10.50.211.217,121.53.105.196,6,55628,443,2023-05-30 14:00:16,0,1,0,0,1,0,0,0,1,40,0.0089912414550781,0
10.50.211.217,121.53.105.196,6,55628,443,2023-05-30 14:00:16,0,1,0,1,1,0,0,0,1,845,0.0016155242919921,0
121.53.105.196,10.50.211.217,6,443,55628,2023-05-30 14:00:16,0,1,0,1,1,0,0,0,1,535,0.0282747745513916,0
10.50.211.217,211.231.116.86,6,55627,443,2023-05-30 14:00:16,0,1,0,1,1,0,0,0,1,316,1.9390857219696045,0
211.231.116.86,10.50.211.217,6,443,55627,2023-05-30 14:00:16,0,1,0,1,1,0,0,0,1,558,1.9405033588409424,0
10.50.211.217,13.107.42.18,6,55573,443,2023-05-30 14:00:18,0,1,0,0,1,0,0,0,1,41,45.01178503036499,0
13.107.42.18,10.50.211.217,6,443,55573,2023-05-30 14:00:18,0,1,0,0,1,0,0,0,1,52,45.03624415397644,0
13.76.153.29,10.50.211.217,6,443,54908,2023-05-30 14:00:19,0,1,0,1,1,0,0,0,1,88,40.13183856010437,0
10.50.211.217,13.76.153.29,6,54908,443,2023-05-30 14:00:19,0,1,0,0,1,0,0,0,1,40,0.113638162612915,0
170.114.52.5,10.50.211.217,6,443,55337,2023-05-30 14:00:20,0,1,0,0,1,0,0,0,1,40,5.127472877502441,0
10.50.211.217,170.114.52.5,6,55337,443,2023-05-30 14:00:20,0,1,0,0,1,0,0,0,1,40,5.1204798221588135,0
10.50.211.217,35.190.25.25,6,55376,443,2023-05-30 14:00:23,0,1,0,0,1,0,0,0,1,41,45.00658059120178,0
35.190.25.25,10.50.211.217,6,443,55376,2023-05-30 14:00:23,0,0,0,0,1,0,0,0,0,52,45.04789018630981,0
10.50.211.217,170.114.15.96,6,54900,443,2023-05-30 14:00:24,0,0,0,1,1,0,0,0,0,257,29.82937264442444,0
170.114.15.96,10.50.211.217,6,443,54900,2023-05-30 14:00:24,0,1,0,1,1,0,0,0,1,235,30.073283910751343,0
10.50.211.217,40.125.127.28,6,55374,443,2023-05-30 14:00:25,0,1,0,0,1,0,0,0,1,41,45.24060320854187,0
40.125.127.28,10.50.211.217,6,443,55374,2023-05-30 14:00:25,0,1,0,0,1,0,0,0,1,52,45.14902830123901,0
10.50.211.217,172.217.161.227,17,49305,443,2023-05-30 14:00:28,0,1,0,0,0,0,0,0,0,105,0.0,0
172.217.161.227,10.50.211.217,17,443,49305,2023-05-30 14:00:28,0,1,0,0,0,0,0,0,0,1278,0.0169625282287597,0
172.217.161.227,10.50.211.217,17,443,49305,2023-05-30 14:00:28,0,1,0,0,0,0,0,0,0,175,0.0010411739349365,0
172.217.161.227,10.50.211.217,17,443,49305,2023-05-30 14:00:28,0,1,0,0,0,0,0,0,0,50,0.0015785694122314,0
10.50.211.217,172.217.161.227,17,49305,443,2023-05-30 14:00:28,0,1,0,0,0,0,0,0,0,107,0.0675246715545654,0
10.50.211.217,172.217.161.227,17,49305,443,2023-05-30 14:00:28,0,1,0,0,0,0,0,0,0,59,0.0010855197906494,0
172.217.161.227,10.50.211.217,17,443,49305,2023-05-30 14:00:28,0,1,0,0,0,0,0,0,0,51,0.0074179172515869,0
10.50.211.217,172.217.161.227,17,49305,443,2023-05-30 14:00:28,0,1,0,0,0,0,0,0,0,59,0.0255658626556396,0
172.217.161.227,10.50.211.217,17,443,49305,2023-05-30 14:00:28,0,1,0,0,0,0,0,0,0,53,0.0025911331176757,0
10.50.211.217,34.120.195.249,6,55427,443,2023-05-30 14:00:30,0,1,0,0,1,0,0,0,1,41,45.01307916641235,0
34.120.195.249,10.50.211.217,6,443,55427,2023-05-30 14:00:30,0,0,0,0,1,0,0,0,0,52,45.03210163116455,0
170.114.52.5,10.50.211.217,6,443,55337,2023-05-30 14:00:31,0,1,0,0,1,0,0,0,1,40,5.122305631637573,0
211.231.116.86,10.50.211.217,6,443,55627,2023-05-30 14:00:31,0,1,0,1,1,0,0,0,1,64,14.955586433410645,0
10.50.211.217,211.231.116.86,6,55627,443,2023-05-30 14:00:31,0,1,0,0,1,0,0,0,1,40,15.00149154663086,0
10.50.211.217,211.231.116.86,6,55627,443,2023-05-30 14:00:31,1,1,0,0,1,0,0,0,1,40,0.0010526180267333,0
211.231.116.86,10.50.211.217,6,443,55627,2023-05-30 14:00:31,0,1,1,0,0,0,0,0,0,40,0.0046415328979492,0
10.50.211.217,170.114.52.5,6,55337,443,2023-05-30 14:00:36,0,1,0,0,1,0,0,0,1,40,5.151774644851685,0
10.50.211.217,27.0.238.92,6,54943,443,2023-05-30 14:00:36,0,1,0,1,1,0,0,0,1,138,22.15844678878784,0
10.50.211.217,121.53.203.203,6,54936,443,2023-05-30 14:00:36,0,1,0,1,1,0,0,0,1,275,22.19987201690674,0
121.53.203.203,10.50.211.217,6,443,54936,2023-05-30 14:00:36,0,1,0,1,1,0,0,0,1,106,0.0076453685760498,0
10.50.211.217,170.114.15.96,6,54900,443,2023-05-30 14:00:38,0,0,0,1,1,0,0,0,0,70,13.574185132980348,0
170.114.52.5,10.50.211.217,6,443,55337,2023-05-30 14:00:41,0,1,0,0,1,0,0,0,1,40,5.1244728565216064,0
10.50.211.217,239.255.255.250,17,53128,1900,2023-05-30 14:00:42,0,0,0,0,0,0,0,0,0,203,0.9986863136291504,0
10.50.211.217,239.255.255.250,17,53125,1900,2023-05-30 14:00:42,0,0,0,0,0,0,0,0,0,203,1.0577151775360107,0
10.50.211.217,108.177.97.188,6,55175,5228,2023-05-30 14:00:42,0,1,0,0,1,0,0,0,1,41,45.01091885566712,0
108.177.97.188,10.50.211.217,6,5228,55175,2023-05-30 14:00:42,0,0,0,0,1,0,0,0,0,52,45.072502851486206,0
10.50.211.217,239.255.255.250,17,53128,1900,2023-05-30 14:00:44,0,0,0,0,0,0,0,0,0,203,1.0826356410980225,0
10.50.211.217,239.255.255.250,17,53125,1900,2023-05-30 14:00:44,0,0,0,0,0,0,0,0,0,203,1.0208940505981443,0
10.50.211.217,35.174.127.31,6,55375,443,2023-05-30 14:00:45,0,1,0,0,1,0,0,0,1,41,44.93888711929321,0
10.50.211.217,170.114.52.5,6,55337,443,2023-05-30 14:00:46,0,1,0,0,1,0,0,0,1,40,5.157872200012207,0
170.114.52.5,10.50.211.217,6,443,55337,2023-05-30 14:00:51,0,1,0,0,1,0,0,0,1,40,5.107217788696289,0
170.114.15.96,10.50.211.217,6,443,54900,2023-05-30 14:00:54,0,1,0,0,1,0,0,0,1,40,16.133639335632324,0
10.50.211.217,170.114.15.96,6,54900,443,2023-05-30 14:00:54,0,0,0,0,1,0,0,0,0,40,0.253429651260376,0
10.50.211.217,170.114.52.5,6,55337,443,2023-05-30 14:00:56,0,1,0,0,1,0,0,0,1,40,5.062102556228638,0
27.0.238.92,10.50.211.217,6,443,54943,2023-05-30 14:00:58,0,1,0,1,1,0,0,0,1,150,21.738874912261963,0
10.50.211.217,27.0.238.92,6,54943,443,2023-05-30 14:00:58,0,1,0,0,1,0,0,0,1,40,21.737683057785038,0
10.50.211.217,13.76.153.29,6,54908,443,2023-05-30 14:00:59,0,1,0,0,1,0,0,0,1,40,0.133873701095581,0
35.174.127.31,10.50.211.217,6,443,55375,2023-05-30 14:01:00,0,1,0,0,1,0,0,0,1,40,14.799205541610718,0
10.50.211.217,35.174.127.31,6,55375,443,2023-05-30 14:01:00,0,1,0,0,1,0,0,0,1,40,0.2576785087585449,0
170.114.52.5,10.50.211.217,6,443,55337,2023-05-30 14:01:01,0,1,0,0,1,0,0,0,1,40,5.125096321105957,0
10.50.211.217,168.126.63.1,17,62258,53,2023-05-30 14:01:04,0,0,0,0,0,0,0,0,0,60,50.496399879455566,0
10.50.211.217,13.107.3.128,6,55629,443,2023-05-30 14:01:04,0,1,0,0,1,0,0,0,1,40,0.0453255176544189,0
168.126.63.1,10.50.211.217,17,53,62258,2023-05-30 14:01:04,0,1,0,0,0,0,0,0,0,194,50.49750733375549,0
13.107.3.128,10.50.211.217,6,443,55629,2023-05-30 14:01:04,0,1,0,0,1,0,0,0,1,40,0.0084314346313476,0
13.107.3.128,10.50.211.217,6,443,55629,2023-05-30 14:01:04,0,1,0,0,1,0,0,0,1,1500,0.0,0
13.107.3.128,10.50.211.217,6,443,55629,2023-05-30 14:01:04,0,1,0,1,1,0,0,0,1,368,0.0,0
10.50.211.217,13.107.3.128,6,55629,443,2023-05-30 14:01:04,0,1,0,0,1,0,0,0,1,40,0.0131821632385253,0
13.107.3.128,10.50.211.217,6,443,55629,2023-05-30 14:01:04,0,1,0,1,1,0,0,0,1,382,0.0,0
10.50.211.217,13.107.3.128,6,55629,443,2023-05-30 14:01:04,0,1,0,1,1,0,0,0,1,898,0.00382661819458,0
13.107.3.128,10.50.211.217,6,443,55629,2023-05-30 14:01:04,0,1,0,1,1,0,0,0,1,704,0.2712581157684326,0
10.50.211.217,170.114.52.5,6,55337,443,2023-05-30 14:01:06,0,1,0,0,1,0,0,0,1,40,5.123528242111206,0
170.114.52.5,10.50.211.217,6,443,55337,2023-05-30 14:01:12,0,1,0,0,1,0,0,0,1,40,5.123996257781982,0
10.50.211.217,170.114.52.5,6,55337,443,2023-05-30 14:01:17,0,1,0,0,1,0,0,0,1,40,5.120061874389648,0
10.50.211.217,224.0.0.251,17,5353,5353,2023-05-30 14:01:20,0,0,0,0,0,0,0,0,0,71,1.0049846172332764,0
10.50.211.217,168.126.63.1,17,63943,53,2023-05-30 14:01:21,0,0,0,0,0,0,0,0,0,78,65.52072763442993,0
168.126.63.1,10.50.211.217,17,53,63943,2023-05-30 14:01:21,0,0,0,0,0,0,0,0,0,201,65.53650403022766,0
10.50.211.217,20.42.73.24,6,55630,443,2023-05-30 14:01:22,0,1,0,0,1,0,0,0,1,40,0.2558498382568359,0
20.42.73.24,10.50.211.217,6,443,55630,2023-05-30 14:01:22,0,1,0,0,1,0,0,0,1,1500,0.2005634307861328,0
20.42.73.24,10.50.211.217,6,443,55630,2023-05-30 14:01:22,0,1,0,0,1,0,0,0,1,1500,0.0010232925415039,0
10.50.211.217,20.42.73.24,6,55630,443,2023-05-30 14:01:22,0,1,0,0,1,0,0,0,1,40,0.1030402183532714,0
170.114.52.5,10.50.211.217,6,443,55337,2023-05-30 14:01:22,0,1,0,0,1,0,0,0,1,40,5.112528800964356,0
20.42.73.24,10.50.211.217,6,443,55630,2023-05-30 14:01:22,0,1,0,1,1,0,0,0,1,91,0.1827442646026611,0
10.50.211.217,20.42.73.24,6,55630,443,2023-05-30 14:01:22,0,1,0,1,1,0,0,0,1,0,0.181584358215332,0
20.42.73.24,10.50.211.217,6,443,55630,2023-05-30 14:01:22,0,1,0,0,1,0,0,0,1,40,0.1884639263153076,0
170.114.15.96,10.50.211.217,6,443,54900,2023-05-30 14:01:23,0,1,0,0,1,0,0,0,1,40,28.975040435791016,0
10.50.211.217,170.114.15.96,6,54900,443,2023-05-30 14:01:24,0,0,0,1,1,0,0,0,0,257,1.2053892612457275,0
170.114.15.96,10.50.211.217,6,443,54900,2023-05-30 14:01:24,0,1,0,1,1,0,0,0,1,235,0.0,0
10.50.211.217,168.126.63.1,17,62963,53,2023-05-30 14:01:24,0,0,0,0,0,0,0,0,0,78,19.85360217094421,0
168.126.63.1,10.50.211.217,17,53,62963,2023-05-30 14:01:24,0,1,0,0,0,0,0,0,0,201,19.84074831008911,0
10.50.211.217,20.189.173.4,6,55631,443,2023-05-30 14:01:24,0,1,0,1,1,0,0,0,1,557,0.0,0
10.50.211.217,20.189.173.4,6,55632,443,2023-05-30 14:01:24,0,1,0,1,1,0,0,0,1,557,0.0013132095336914,0
20.189.173.4,10.50.211.217,6,443,55631,2023-05-30 14:01:24,0,1,0,0,1,0,0,0,1,1500,0.1525015830993652,0
20.189.173.4,10.50.211.217,6,443,55631,2023-05-30 14:01:24,0,1,0,0,1,0,0,0,1,1500,0.0011093616485595,0
20.189.173.4,10.50.211.217,6,443,55632,2023-05-30 14:01:24,0,1,0,0,1,0,0,0,1,1500,0.1575179100036621,0
20.189.173.4,10.50.211.217,6,443,55632,2023-05-30 14:01:24,0,1,0,0,1,0,0,0,1,1500,0.0011858940124511,0
10.50.211.217,20.189.173.4,6,55631,443,2023-05-30 14:01:24,0,1,0,1,1,0,0,0,1,198,0.0005064010620117,0
10.50.211.217,20.189.173.4,6,55632,443,2023-05-30 14:01:24,0,1,0,1,1,0,0,0,1,198,0.0010006427764892,0
20.189.173.4,10.50.211.217,6,443,55631,2023-05-30 14:01:24,0,1,0,1,1,0,0,0,1,91,0.1237108707427978,0
20.189.173.4,10.50.211.217,6,443,55632,2023-05-30 14:01:24,0,1,0,1,1,0,0,0,1,91,0.1425888538360595,0
20.189.173.4,10.50.211.217,6,443,55631,2023-05-30 14:01:25,1,1,0,1,1,0,0,0,1,511,0.0005116462707519,0
10.50.211.217,20.189.173.4,6,55631,443,2023-05-30 14:01:25,0,1,0,0,1,0,0,0,1,40,0.1330702304840088,0
10.50.211.217,20.189.173.4,6,55631,443,2023-05-30 14:01:25,1,1,0,0,1,0,0,0,1,40,0.0045549869537353,0
20.189.173.4,10.50.211.217,6,443,55632,2023-05-30 14:01:25,1,1,0,1,1,0,0,0,1,511,0.0254080295562744,0
10.50.211.217,20.189.173.4,6,55632,443,2023-05-30 14:01:25,0,1,0,0,1,0,0,0,1,40,0.1668136119842529,0
10.50.211.217,20.189.173.4,6,55632,443,2023-05-30 14:01:25,1,1,0,0,1,0,0,0,1,40,0.0,0
10.50.211.217,170.114.52.5,6,55337,443,2023-05-30 14:01:27,0,1,0,0,1,0,0,0,1,40,5.135098218917847,0
10.50.211.217,121.53.105.196,6,55628,443,2023-05-30 14:01:30,1,1,0,0,1,0,0,0,1,40,74.04541730880737,0
10.50.211.217,168.126.63.1,17,62258,53,2023-05-30 14:01:31,0,0,0,0,0,0,0,0,0,78,9.417824268341064,0
168.126.63.1,10.50.211.217,17,53,62258,2023-05-30 14:01:31,0,1,0,0,0,0,0,0,0,261,9.408996820449827,0
10.50.211.217,20.189.173.4,6,55633,443,2023-05-30 14:01:31,0,1,0,0,1,0,0,0,1,40,0.1757144927978515,0
20.189.173.4,10.50.211.217,6,443,55633,2023-05-30 14:01:31,0,1,0,0,1,0,0,0,1,1500,0.1519455909729004,0
20.189.173.4,10.50.211.217,6,443,55633,2023-05-30 14:01:31,0,1,0,0,1,0,0,0,1,1500,0.0004911422729492,0
10.50.211.217,20.189.173.4,6,55633,443,2023-05-30 14:01:31,0,1,0,0,1,0,0,0,1,40,0.1237185001373291,0
20.189.173.4,10.50.211.217,6,443,55633,2023-05-30 14:01:31,0,1,0,0,1,0,0,0,1,40,0.2860300540924072,0
10.50.211.217,20.189.173.4,6,55633,443,2023-05-30 14:01:31,0,1,0,0,1,0,0,0,1,40,0.3066668510437011,0
10.50.211.217,20.189.173.4,6,55633,443,2023-05-30 14:01:31,1,1,0,0,1,0,0,0,1,40,0.0011296272277832,0
20.189.173.4,10.50.211.217,6,443,55633,2023-05-30 14:01:31,0,1,0,0,1,0,0,0,1,40,0.1076712608337402,0
10.50.211.217,20.189.173.4,6,55634,443,2023-05-30 14:01:31,0,1,0,0,1,0,0,0,1,40,0.1287767887115478,0
20.189.173.4,10.50.211.217,6,443,55634,2023-05-30 14:01:32,0,1,0,0,1,0,0,0,1,1500,0.2604150772094726,0
20.189.173.4,10.50.211.217,6,443,55634,2023-05-30 14:01:32,0,1,0,0,1,0,0,0,1,1500,0.0011990070343017,0
10.50.211.217,20.189.173.4,6,55634,443,2023-05-30 14:01:32,0,1,0,0,1,0,0,0,1,40,0.2689077854156494,0
20.189.173.4,10.50.211.217,6,443,55634,2023-05-30 14:01:32,0,1,0,1,1,0,0,0,1,91,0.031987190246582,0
10.50.211.217,20.189.173.4,6,55634,443,2023-05-30 14:01:32,0,1,0,1,1,0,0,0,1,0,0.0746152400970459,0
20.189.173.4,10.50.211.217,6,443,55634,2023-05-30 14:01:32,1,1,0,1,1,0,0,0,1,511,0.0,0
10.50.211.217,20.189.173.4,6,55634,443,2023-05-30 14:01:32,0,1,0,1,1,0,0,0,1,71,0.0,0
170.114.52.5,10.50.211.217,6,443,55337,2023-05-30 14:01:32,0,1,0,0,1,0,0,0,1,40,5.117432832717896,0
35.190.25.25,10.50.211.217,6,443,55376,2023-05-30 14:01:33,0,0,0,1,1,0,0,0,0,113,24.81325078010559,0
10.50.211.217,35.190.25.25,6,55376,443,2023-05-30 14:01:33,1,1,0,0,1,0,0,0,1,40,24.88029932975769,0
13.76.153.29,10.50.211.217,6,443,54908,2023-05-30 14:01:39,0,1,0,1,1,0,0,0,1,88,40.07401967048645,0
10.50.211.217,13.76.153.29,6,54908,443,2023-05-30 14:01:39,0,1,0,0,1,0,0,0,1,40,0.1213400363922119,0
20.43.132.130,10.50.211.217,6,443,55506,2023-05-30 14:01:41,0,1,0,0,1,0,0,0,1,52,45.075310707092285,0
170.114.52.5,10.50.211.217,6,443,55337,2023-05-30 14:01:42,0,1,0,0,1,0,0,0,1,40,5.117290496826172,0
10.50.211.217,170.114.52.5,6,55337,443,2023-05-30 14:01:42,0,1,0,0,1,0,0,0,1,40,10.184674739837646,0
35.174.127.31,10.50.211.217,6,443,55375,2023-05-30 14:01:44,0,1,0,1,1,0,0,0,1,78,43.26169395446777,0
10.50.211.217,40.125.127.28,6,55372,443,2023-05-30 14:01:45,0,1,0,0,1,0,0,0,1,41,45.12334847450256,0
40.125.127.28,10.50.211.217,6,443,55372,2023-05-30 14:01:46,0,1,0,0,1,0,0,0,1,52,45.26470899581909,0
27.0.238.92,10.50.211.217,6,443,54943,2023-05-30 14:01:48,0,1,0,1,1,0,0,0,1,307,5.639594793319702,0
10.50.211.217,27.0.238.92,6,54943,443,2023-05-30 14:01:48,0,1,0,0,1,0,0,0,1,40,5.606489896774292,0
10.50.211.217,170.114.15.96,6,54900,443,2023-05-30 14:01:54,0,0,0,1,1,0,0,0,0,257,29.769747018814087,0
170.114.52.5,10.50.211.217,6,443,55337,2023-05-30 14:01:54,0,1,0,0,1,0,0,0,1,40,6.781850576400757,0
10.50.211.217,170.114.52.5,6,55337,443,2023-05-30 14:01:54,0,1,0,0,1,0,0,0,1,40,6.727003812789917,0
10.50.211.217,40.125.127.28,6,55374,443,2023-05-30 14:01:55,0,1,0,0,1,0,0,0,1,41,45.1386833190918,0
40.125.127.28,10.50.211.217,6,443,55374,2023-05-30 14:01:55,0,1,0,0,1,0,0,0,1,52,45.030367612838745,0
10.50.211.217,142.250.207.109,17,60853,443,2023-05-30 14:01:58,0,1,0,0,0,0,0,0,0,107,0.0009934902191162,0
142.250.207.109,10.50.211.217,17,443,60853,2023-05-30 14:01:58,0,1,0,0,0,0,0,0,0,1278,0.0060162544250488,0
10.50.211.217,142.250.207.109,17,60853,443,2023-05-30 14:01:58,0,1,0,0,0,0,0,0,0,1274,0.0134172439575195,0
10.50.211.217,142.250.207.109,17,60853,443,2023-05-30 14:01:58,0,1,0,0,0,0,0,0,0,390,0.001039981842041,0
142.250.207.109,10.50.211.217,17,443,60853,2023-05-30 14:01:58,0,1,0,0,0,0,0,0,0,179,0.0005393028259277,0
10.50.211.217,142.250.207.109,17,60853,443,2023-05-30 14:01:58,0,1,0,0,0,0,0,0,0,59,0.005434513092041,0
142.250.207.109,10.50.211.217,17,443,60853,2023-05-30 14:01:58,0,1,0,0,0,0,0,0,0,148,0.0093955993652343,0
142.250.207.109,10.50.211.217,17,443,60853,2023-05-30 14:01:58,0,1,0,0,0,0,0,0,0,53,0.0010356903076171,0
142.250.207.109,10.50.211.217,17,443,60853,2023-05-30 14:01:58,0,1,0,0,0,0,0,0,0,50,0.0005393028259277,0
142.250.207.109,10.50.211.217,17,443,60853,2023-05-30 14:01:58,0,1,0,0,0,0,0,0,0,383,0.0124921798706054,0
10.50.211.217,142.250.207.109,17,60853,443,2023-05-30 14:01:58,0,1,0,0,0,0,0,0,0,63,0.0774242877960205,0
142.250.207.109,10.50.211.217,17,443,60853,2023-05-30 14:01:58,0,1,0,0,0,0,0,0,0,52,0.0592763423919677,0
27.0.238.92,10.50.211.217,6,443,54943,2023-05-30 14:01:59,0,1,0,1,1,0,0,0,1,311,3.6455373764038086,0
10.50.211.217,27.0.238.92,6,54943,443,2023-05-30 14:01:59,0,1,0,0,1,0,0,0,1,40,3.656176805496216,0
10.50.211.217,20.189.173.1,6,55636,443,2023-05-30 14:01:59,0,1,0,0,1,0,0,0,1,40,0.1748602390289306,0
10.50.211.217,20.189.173.1,6,55637,443,2023-05-30 14:01:59,0,1,0,0,1,0,0,0,1,40,0.225210428237915,0
20.189.173.1,10.50.211.217,6,443,55636,2023-05-30 14:01:59,0,1,0,0,1,0,0,0,1,1500,0.1583404541015625,0
20.189.173.1,10.50.211.217,6,443,55636,2023-05-30 14:01:59,0,1,0,0,1,0,0,0,1,1500,0.0010035037994384,0
10.50.211.217,20.189.173.1,6,55636,443,2023-05-30 14:01:59,0,1,0,0,1,0,0,0,1,40,0.1140058040618896,0
20.189.173.1,10.50.211.217,6,443,55637,2023-05-30 14:01:59,0,1,0,0,1,0,0,0,1,1500,0.1359837055206298,0
20.189.173.1,10.50.211.217,6,443,55637,2023-05-30 14:01:59,0,1,0,0,1,0,0,0,1,1500,0.0012586116790771,0
10.50.211.217,20.189.173.1,6,55637,443,2023-05-30 14:01:59,0,1,0,0,1,0,0,0,1,40,0.0508928298950195,0
20.189.173.1,10.50.211.217,6,443,55636,2023-05-30 14:01:59,0,1,0,1,1,0,0,0,1,91,0.1309380531311035,0
10.50.211.217,20.189.173.1,6,55636,443,2023-05-30 14:01:59,0,1,0,1,1,0,0,0,1,0,0.1886780261993408,0
20.189.173.1,10.50.211.217,6,443,55637,2023-05-30 14:01:59,0,1,0,0,1,0,0,0,1,40,0.1849970817565918,0
10.50.211.217,20.189.173.1,6,55637,443,2023-05-30 14:01:59,0,1,0,1,1,0,0,0,1,0,0.2053859233856201,0
20.189.173.1,10.50.211.217,6,443,55636,2023-05-30 14:01:59,0,1,0,0,1,0,0,0,1,40,0.0039901733398437,0
20.189.173.1,10.50.211.217,6,443,55636,2023-05-30 14:01:59,0,1,0,0,1,0,0,0,1,40,0.0,0
10.50.211.217,20.189.173.1,6,55636,443,2023-05-30 14:01:59,0,1,0,1,1,0,0,0,1,71,0.0,0
20.189.173.1,10.50.211.217,6,443,55637,2023-05-30 14:01:59,0,1,0,0,1,0,0,0,1,40,0.1547234058380127,0
10.50.211.217,20.189.173.1,6,55637,443,2023-05-30 14:01:59,0,1,0,1,1,0,0,0,1,71,0.0,0
20.189.173.1,10.50.211.217,6,443,55636,2023-05-30 14:01:59,0,1,0,0,1,0,0,0,1,40,0.1414766311645507,0
20.189.173.1,10.50.211.217,6,443,55637,2023-05-30 14:02:00,0,1,0,0,1,0,0,0,1,40,0.1521055698394775,0
10.50.211.217,168.126.63.1,17,63943,53,2023-05-30 14:02:00,0,0,0,0,0,0,0,0,0,67,1.0361979007720947,0
168.126.63.1,10.50.211.217,17,53,63943,2023-05-30 14:02:00,0,1,0,0,0,0,0,0,0,327,1.0372331142425537,0
10.50.211.217,13.107.238.74,6,55638,443,2023-05-30 14:02:00,0,1,0,0,1,0,0,0,1,40,0.0030488967895507,0
13.107.238.74,10.50.211.217,6,443,55638,2023-05-30 14:02:00,0,1,0,0,1,0,0,0,1,40,0.0053446292877197,0
10.50.211.217,13.107.238.74,6,55638,443,2023-05-30 14:02:00,0,1,0,1,1,0,0,0,1,487,0.0035243034362792,0
13.107.238.74,10.50.211.217,6,443,55638,2023-05-30 14:02:00,0,1,0,0,1,0,0,0,1,40,0.0022304058074951,0
13.107.238.74,10.50.211.217,6,443,55638,2023-05-30 14:02:00,0,1,0,0,1,0,0,0,1,1500,0.0009982585906982,0
13.107.238.74,10.50.211.217,6,443,55638,2023-05-30 14:02:00,0,1,0,1,1,0,0,0,1,120,0.0,0
13.107.238.74,10.50.211.217,6,443,55638,2023-05-30 14:02:00,0,1,0,0,1,0,0,0,1,1500,0.0009965896606445,0
13.107.238.74,10.50.211.217,6,443,55638,2023-05-30 14:02:00,0,1,0,0,1,0,0,0,1,1500,0.0,0
13.107.238.74,10.50.211.217,6,443,55638,2023-05-30 14:02:00,0,1,0,1,1,0,0,0,1,1245,0.001105785369873,0
13.107.238.74,10.50.211.217,6,443,55638,2023-05-30 14:02:00,0,1,0,0,1,0,0,0,1,1500,0.0009937286376953,0
13.107.238.74,10.50.211.217,6,443,55638,2023-05-30 14:02:00,0,1,0,1,1,0,0,0,1,1245,0.0018463134765625,0
13.107.238.74,10.50.211.217,6,443,55638,2023-05-30 14:02:00,0,1,0,0,1,0,0,0,1,1500,0.0,0
13.107.238.74,10.50.211.217,6,443,55638,2023-05-30 14:02:00,0,1,0,0,1,0,0,0,1,1500,0.0010027885437011,0
13.107.238.74,10.50.211.217,6,443,55638,2023-05-30 14:02:00,0,1,0,1,1,0,0,0,1,1245,0.0,0
13.107.238.74,10.50.211.217,6,443,55638,2023-05-30 14:02:00,0,1,0,0,1,0,0,0,1,1500,0.0010027885437011,0
13.107.238.74,10.50.211.217,6,443,55638,2023-05-30 14:02:00,0,1,0,0,1,0,0,0,1,1500,0.0,0
13.107.238.74,10.50.211.217,6,443,55638,2023-05-30 14:02:00,0,1,0,1,1,0,0,0,1,1245,0.0,0
13.107.238.74,10.50.211.217,6,443,55638,2023-05-30 14:02:00,0,1,0,0,1,0,0,0,1,1500,0.0,0
13.107.238.74,10.50.211.217,6,443,55638,2023-05-30 14:02:00,0,1,0,0,1,0,0,0,1,1500,0.0012896060943603,0
13.107.238.74,10.50.211.217,6,443,55638,2023-05-30 14:02:00,0,1,0,1,1,0,0,0,1,533,0.0009973049163818,0
10.50.211.217,13.107.238.74,6,55638,443,2023-05-30 14:02:00,0,1,0,0,1,0,0,0,1,40,0.0549635887145996,0
13.107.238.74,10.50.211.217,6,443,55638,2023-05-30 14:02:00,0,1,0,1,1,0,0,0,1,887,0.0009980201721191,0
10.50.211.217,13.107.238.74,6,55638,443,2023-05-30 14:02:00,0,1,0,1,1,0,0,0,1,71,0.0009989738464355,0
13.107.238.74,10.50.211.217,6,443,55638,2023-05-30 14:02:00,0,1,0,0,1,0,0,0,1,40,0.1203174591064453,0
10.50.211.217,35.174.127.31,6,55375,443,2023-05-30 14:02:00,0,1,0,1,1,0,0,0,1,288,16.513596057891846,0
10.50.211.217,34.120.195.249,6,55427,443,2023-05-30 14:02:00,0,1,0,0,1,0,0,0,1,41,45.02011322975159,0
34.120.195.249,10.50.211.217,6,443,55427,2023-05-30 14:02:00,0,0,0,0,1,0,0,0,0,52,44.944923639297485,0
170.114.52.5,10.50.211.217,6,443,55337,2023-05-30 14:02:04,0,1,0,0,1,0,0,0,1,40,5.104952573776245,0
10.50.211.217,170.114.52.5,6,55337,443,2023-05-30 14:02:04,0,1,0,0,1,0,0,0,1,40,5.102379322052002,0
10.50.211.217,168.126.63.1,17,62963,53,2023-05-30 14:02:06,0,0,0,0,0,0,0,0,0,78,6.965903282165527,0
10.50.211.217,168.126.63.1,17,62258,53,2023-05-30 14:02:06,0,0,0,0,0,0,0,0,0,78,5.946438789367676,0
168.126.63.1,10.50.211.217,17,53,62258,2023-05-30 14:02:06,0,1,0,0,0,0,0,0,0,261,5.956648826599121,0
168.126.63.1,10.50.211.217,17,53,62963,2023-05-30 14:02:06,0,0,0,0,0,0,0,0,0,201,6.989854097366333,0
10.50.211.217,20.189.173.1,6,55639,443,2023-05-30 14:02:06,0,1,0,0,1,0,0,0,1,40,0.258983850479126,0
20.189.173.1,10.50.211.217,6,443,55639,2023-05-30 14:02:06,0,1,0,0,1,0,0,0,1,1500,0.2056615352630615,0
20.189.173.1,10.50.211.217,6,443,55639,2023-05-30 14:02:06,0,1,0,0,1,0,0,0,1,1500,0.0010068416595458,0
10.50.211.217,20.189.173.1,6,55639,443,2023-05-30 14:02:06,0,1,0,0,1,0,0,0,1,40,0.1044573783874511,0
20.189.173.1,10.50.211.217,6,443,55639,2023-05-30 14:02:06,0,1,0,1,1,0,0,0,1,91,0.0362384319305419,0
10.50.211.217,20.189.173.1,6,55639,443,2023-05-30 14:02:06,0,1,0,1,1,0,0,0,1,0,0.076014757156372,0
20.189.173.1,10.50.211.217,6,443,55639,2023-05-30 14:02:06,1,1,0,1,1,0,0,0,1,511,0.0176236629486084,0
10.50.211.217,20.189.173.1,6,55639,443,2023-05-30 14:02:06,0,1,0,1,1,0,0,0,1,71,0.0013272762298583,0
10.50.211.217,20.189.173.1,6,55640,443,2023-05-30 14:02:06,0,1,0,0,1,0,0,0,1,40,0.1373121738433838,0
20.189.173.1,10.50.211.217,6,443,55640,2023-05-30 14:02:07,0,1,0,0,1,0,0,0,1,1500,0.1372020244598388,0
20.189.173.1,10.50.211.217,6,443,55640,2023-05-30 14:02:07,0,1,0,0,1,0,0,0,1,1500,0.0,0
10.50.211.217,20.189.173.1,6,55640,443,2023-05-30 14:02:07,0,1,0,0,1,0,0,0,1,40,0.0421192646026611,0
20.189.173.1,10.50.211.217,6,443,55640,2023-05-30 14:02:07,0,1,0,1,1,0,0,0,1,91,0.1389069557189941,0
10.50.211.217,20.189.173.1,6,55640,443,2023-05-30 14:02:07,0,1,0,1,1,0,0,0,1,0,0.1516072750091552,0
20.189.173.1,10.50.211.217,6,443,55640,2023-05-30 14:02:07,1,1,0,1,1,0,0,0,1,511,0.0120241641998291,0
10.50.211.217,20.189.173.1,6,55640,443,2023-05-30 14:02:07,0,1,0,1,1,0,0,0,1,71,0.0010278224945068,0
10.50.211.217,170.114.15.96,6,54900,443,2023-05-30 14:02:08,0,0,0,1,1,0,0,0,0,70,13.520055055618286,0
170.114.15.96,10.50.211.217,6,443,54900,2023-05-30 14:02:08,0,1,0,0,1,0,0,0,1,40,13.77761173248291,0
10.50.211.217,27.0.238.92,6,54943,443,2023-05-30 14:02:11,0,1,0,0,1,0,0,0,1,40,6.499445915222168,0
27.0.238.92,10.50.211.217,6,443,54943,2023-05-30 14:02:12,0,1,0,1,1,0,0,0,1,150,1.125810623168945,0
10.50.211.217,108.177.97.188,6,55175,5228,2023-05-30 14:02:12,0,1,0,0,1,0,0,0,1,41,45.059499979019165,0
108.177.97.188,10.50.211.217,6,5228,55175,2023-05-30 14:02:12,0,0,0,0,1,0,0,0,0,52,45.10718584060669,0
170.114.52.5,10.50.211.217,6,443,55337,2023-05-30 14:02:15,0,1,0,0,1,0,0,0,1,40,5.141755104064941,0
10.50.211.217,170.114.52.5,6,55337,443,2023-05-30 14:02:15,0,1,0,0,1,0,0,0,1,40,5.121946811676025,0
10.50.211.217,52.109.44.68,6,55642,443,2023-05-30 14:02:19,0,1,0,0,1,0,0,0,1,40,0.0110986232757568,0
52.109.44.68,10.50.211.217,6,443,55642,2023-05-30 14:02:19,0,1,0,0,1,0,0,0,1,1500,0.0112054347991943,0
52.109.44.68,10.50.211.217,6,443,55642,2023-05-30 14:02:19,0,1,0,0,1,0,0,0,1,1500,0.0,0
52.109.44.68,10.50.211.217,6,443,55642,2023-05-30 14:02:19,0,1,0,1,1,0,0,0,1,396,0.0015273094177246,0
10.50.211.217,52.109.44.68,6,55642,443,2023-05-30 14:02:19,0,1,0,0,1,0,0,0,1,40,0.0152382850646972,0
10.50.211.217,52.109.44.68,6,55642,443,2023-05-30 14:02:19,0,1,0,1,1,0,0,0,1,379,0.0120017528533935,0
52.109.44.68,10.50.211.217,6,443,55642,2023-05-30 14:02:19,0,1,0,0,1,0,0,0,1,40,0.0,0
52.109.44.68,10.50.211.217,6,443,55642,2023-05-30 14:02:19,0,1,0,0,1,0,0,0,1,40,0.0,0
52.109.44.68,10.50.211.217,6,443,55642,2023-05-30 14:02:19,0,1,0,1,1,0,0,0,1,1145,0.0621886253356933,0
10.50.211.217,52.109.44.68,6,55642,443,2023-05-30 14:02:19,1,1,0,0,1,0,0,0,1,40,0.1796181201934814,0
10.50.211.217,13.76.153.29,6,54908,443,2023-05-30 14:02:19,0,1,0,0,1,0,0,0,1,40,0.1077713966369628,0
10.50.211.217,52.109.44.68,6,55643,443,2023-05-30 14:02:19,0,1,0,0,1,0,0,0,1,40,0.025458812713623,0
52.109.44.68,10.50.211.217,6,443,55643,2023-05-30 14:02:19,0,1,0,0,1,0,0,0,1,1500,0.0043630599975585,0
52.109.44.68,10.50.211.217,6,443,55643,2023-05-30 14:02:19,0,1,0,0,1,0,0,0,1,1500,0.0,0
52.109.44.68,10.50.211.217,6,443,55643,2023-05-30 14:02:19,0,1,0,1,1,0,0,0,1,396,0.0,0
10.50.211.217,52.109.44.68,6,55643,443,2023-05-30 14:02:19,0,1,0,0,1,0,0,0,1,40,0.0016241073608398,0
10.50.211.217,52.109.44.68,6,55643,443,2023-05-30 14:02:19,0,1,0,1,1,0,0,0,1,379,0.0,0
52.109.44.68,10.50.211.217,6,443,55643,2023-05-30 14:02:19,0,1,0,0,1,0,0,0,1,40,0.001530647277832,0
52.109.44.68,10.50.211.217,6,443,55643,2023-05-30 14:02:19,0,1,0,0,1,0,0,0,1,40,0.0,0
10.50.211.217,52.109.44.68,6,55643,443,2023-05-30 14:02:19,1,1,0,0,1,0,0,0,1,40,0.1275696754455566,0
52.109.44.68,10.50.211.217,6,443,55643,2023-05-30 14:02:19,1,1,0,0,1,0,0,0,1,40,0.0055112838745117,0
170.114.15.96,10.50.211.217,6,443,54900,2023-05-30 14:02:24,0,1,0,1,1,0,0,0,1,235,0.0465366840362548,0
10.50.211.217,170.114.15.96,6,54900,443,2023-05-30 14:02:24,0,0,0,0,1,0,0,0,0,40,0.2368049621582031,0
170.114.52.5,10.50.211.217,6,443,55337,2023-05-30 14:02:25,0,1,0,0,1,0,0,0,1,40,5.122703313827515,0
10.50.211.217,170.114.52.5,6,55337,443,2023-05-30 14:02:25,0,1,0,0,1,0,0,0,1,40,5.124655246734619,0
10.50.211.217,20.43.132.130,6,55506,443,2023-05-30 14:02:26,0,1,0,0,1,0,0,0,1,41,90.10651683807372,0
170.114.52.5,10.50.211.217,6,443,55337,2023-05-30 14:02:35,0,1,0,0,1,0,0,0,1,40,5.11570143699646,0
10.50.211.217,170.114.52.5,6,55337,443,2023-05-30 14:02:35,0,1,0,0,1,0,0,0,1,40,5.116214990615845,0
10.50.211.217,239.255.255.250,17,60856,1900,2023-05-30 14:02:42,0,0,0,0,0,0,0,0,0,203,1.0044920444488523,0
10.50.211.217,239.255.255.250,17,60859,1900,2023-05-30 14:02:42,0,0,0,0,0,0,0,0,0,203,1.096367359161377,0
10.50.211.217,239.255.255.250,17,60859,1900,2023-05-30 14:02:44,0,0,0,0,0,0,0,0,0,203,1.013831377029419,0
10.50.211.217,239.255.255.250,17,60856,1900,2023-05-30 14:02:44,0,0,0,0,0,0,0,0,0,203,1.0274078845977783,0
10.50.211.217,35.174.127.31,6,55375,443,2023-05-30 14:02:45,0,1,0,0,1,0,0,0,1,41,44.96863579750061,0
170.114.52.5,10.50.211.217,6,443,55337,2023-05-30 14:02:45,0,1,0,0,1,0,0,0,1,40,5.174316644668579,0
10.50.211.217,170.114.52.5,6,55337,443,2023-05-30 14:02:45,0,1,0,0,1,0,0,0,1,40,5.127400636672974,0
35.174.127.31,10.50.211.217,6,443,55375,2023-05-30 14:02:45,0,1,0,0,1,0,0,0,1,52,45.211458921432495,0
10.50.211.217,170.114.15.96,6,54900,443,2023-05-30 14:02:54,0,0,0,1,1,0,0,0,0,257,1.093153953552246,0
170.114.15.96,10.50.211.217,6,443,54900,2023-05-30 14:02:54,0,1,0,0,1,0,0,0,1,40,1.050821304321289,0
170.114.52.5,10.50.211.217,6,443,55337,2023-05-30 14:02:55,0,1,0,0,1,0,0,0,1,40,5.143701076507568,0
10.50.211.217,170.114.52.5,6,55337,443,2023-05-30 14:02:56,0,1,0,0,1,0,0,0,1,40,5.160479545593262,0
13.76.153.29,10.50.211.217,6,443,54908,2023-05-30 14:02:59,0,1,0,1,1,0,0,0,1,88,40.02637076377869,0
10.50.211.217,13.76.153.29,6,54908,443,2023-05-30 14:02:59,0,1,0,0,1,0,0,0,1,40,0.1203587055206298,0
35.174.127.31,10.50.211.217,6,443,55375,2023-05-30 14:03:00,0,1,0,1,1,0,0,0,1,308,0.0452668666839599,0
10.50.211.217,35.174.127.31,6,55375,443,2023-05-30 14:03:00,0,1,0,0,1,0,0,0,1,40,0.2522153854370117,0
10.50.211.217,27.0.238.92,6,54943,443,2023-05-30 14:03:04,0,1,0,0,1,0,0,0,1,40,51.622456073760986,0
170.114.52.5,10.50.211.217,6,443,55337,2023-05-30 14:03:06,0,1,0,0,1,0,0,0,1,40,5.131670475006104,0
10.50.211.217,170.114.52.5,6,55337,443,2023-05-30 14:03:06,0,1,0,0,1,0,0,0,1,40,5.11991286277771,0
27.0.238.92,10.50.211.217,6,443,54943,2023-05-30 14:03:09,0,1,0,1,1,0,0,0,1,468,5.215053081512451,0
10.50.211.217,27.0.238.92,6,54943,443,2023-05-30 14:03:11,0,1,0,1,1,0,0,0,1,118,2.62528133392334,0
27.0.238.92,10.50.211.217,6,443,54943,2023-05-30 14:03:11,0,1,0,1,1,0,0,0,1,640,0.0,0
27.0.238.92,10.50.211.217,6,443,54943,2023-05-30 14:03:11,0,1,0,0,1,0,0,0,1,1500,0.0,0
27.0.238.92,10.50.211.217,6,443,54943,2023-05-30 14:03:11,0,1,0,0,1,0,0,0,1,1500,0.0,0
10.50.211.217,27.0.238.92,6,54943,443,2023-05-30 14:03:11,0,1,0,0,1,0,0,0,1,40,0.0166714191436767,0
27.0.238.92,10.50.211.217,6,443,54943,2023-05-30 14:03:11,0,1,0,0,1,0,0,0,1,1500,0.0,0
27.0.238.92,10.50.211.217,6,443,54943,2023-05-30 14:03:11,0,1,0,0,1,0,0,0,1,1500,0.0,0
27.0.238.92,10.50.211.217,6,443,54943,2023-05-30 14:03:11,0,1,0,0,1,0,0,0,1,1500,0.0,0
10.50.211.217,27.0.238.92,6,54943,443,2023-05-30 14:03:11,0,1,0,0,1,0,0,0,1,40,0.0,0
27.0.238.92,10.50.211.217,6,443,54943,2023-05-30 14:03:12,0,1,0,0,1,0,0,0,1,1500,0.039555549621582,0
10.50.211.217,27.0.238.92,6,54943,443,2023-05-30 14:03:12,0,1,0,1,1,0,0,0,1,122,0.0601863861083984,0
27.0.238.92,10.50.211.217,6,443,54943,2023-05-30 14:03:12,0,1,0,1,1,0,0,0,1,99,0.0722413063049316,0
10.50.211.217,121.53.203.203,6,54936,443,2023-05-30 14:03:12,0,1,0,1,1,0,0,0,1,275,155.15354895591736,0
10.50.211.217,27.0.238.92,6,54943,443,2023-05-30 14:03:12,0,1,0,1,1,0,0,0,1,138,0.0211207866668701,0
27.0.238.92,10.50.211.217,6,443,54943,2023-05-30 14:03:12,0,1,0,1,1,0,0,0,1,137,0.0345048904418945,0
121.53.203.203,10.50.211.217,6,443,54936,2023-05-30 14:03:12,0,1,0,1,1,0,0,0,1,1001,155.185551404953,0
121.53.203.203,10.50.211.217,6,443,54936,2023-05-30 14:03:12,0,1,0,1,1,0,0,0,1,623,0.0,0
10.50.211.217,121.53.203.203,6,54936,443,2023-05-30 14:03:12,0,1,0,1,1,0,0,0,1,224,0.0209195613861084,0
121.53.203.203,10.50.211.217,6,443,54936,2023-05-30 14:03:12,0,1,0,1,1,0,0,0,1,200,0.0021524429321289,0
10.50.211.217,27.0.238.92,6,54943,443,2023-05-30 14:03:12,0,1,0,0,1,0,0,0,1,40,0.0476398468017578,0
10.50.211.217,40.125.127.28,6,55372,443,2023-05-30 14:03:16,0,1,0,0,1,0,0,0,1,41,45.1507043838501,0
40.125.127.28,10.50.211.217,6,443,55372,2023-05-30 14:03:16,0,1,0,0,1,0,0,0,1,52,45.101879835128784,0
170.114.52.5,10.50.211.217,6,443,55337,2023-05-30 14:03:16,0,1,0,0,1,0,0,0,1,40,5.1207029819488525,0
10.50.211.217,170.114.52.5,6,55337,443,2023-05-30 14:03:16,0,1,0,0,1,0,0,0,1,40,5.11740255355835,0
27.0.238.92,10.50.211.217,6,443,54943,2023-05-30 14:03:17,0,1,0,1,1,0,0,0,1,215,4.945696830749512,0
10.50.211.217,27.0.238.92,6,54943,443,2023-05-30 14:03:23,0,1,0,0,1,0,0,0,1,40,6.413140058517456,0
27.0.238.92,10.50.211.217,6,443,54943,2023-05-30 14:03:24,0,1,0,1,1,0,0,0,1,215,0.584017276763916,0
10.50.211.217,170.114.15.96,6,54900,443,2023-05-30 14:03:24,0,0,0,1,1,0,0,0,0,257,29.76245069503784,0
170.114.15.96,10.50.211.217,6,443,54900,2023-05-30 14:03:24,0,1,0,1,1,0,0,0,1,235,29.953092098236084,0
10.50.211.217,40.125.127.28,6,55374,443,2023-05-30 14:03:26,0,1,0,0,1,0,0,0,1,41,45.23585772514343,0
40.125.127.28,10.50.211.217,6,443,55374,2023-05-30 14:03:26,0,1,0,0,1,0,0,0,1,52,45.12563180923462,0
170.114.52.5,10.50.211.217,6,443,55337,2023-05-30 14:03:26,0,1,0,0,1,0,0,0,1,40,5.109475374221802,0
10.50.211.217,170.114.52.5,6,55337,443,2023-05-30 14:03:26,0,1,0,0,1,0,0,0,1,40,5.058494567871094,0
10.50.211.217,34.120.195.249,6,55427,443,2023-05-30 14:03:30,0,1,0,0,1,0,0,0,1,41,45.02858567237854,0
34.120.195.249,10.50.211.217,6,443,55427,2023-05-30 14:03:30,0,0,0,0,1,0,0,0,0,52,44.981281042099,0
170.114.52.5,10.50.211.217,6,443,55337,2023-05-30 14:03:36,0,1,0,0,1,0,0,0,1,40,5.121434926986694,0
10.50.211.217,170.114.52.5,6,55337,443,2023-05-30 14:03:37,0,1,0,0,1,0,0,0,1,40,5.122300624847412,0
10.50.211.217,170.114.15.96,6,54900,443,2023-05-30 14:03:38,0,0,0,1,1,0,0,0,0,70,13.670613050460815,0
10.50.211.217,13.76.153.29,6,54908,443,2023-05-30 14:03:39,0,1,0,0,1,0,0,0,1,40,0.1112082004547119,0
10.50.211.217,170.114.14.69,6,54883,443,2023-05-30 14:03:40,0,1,0,1,1,0,0,0,1,75,135.22791504859924,0
170.114.14.69,10.50.211.217,6,443,54883,2023-05-30 14:03:40,0,1,0,1,1,0,0,0,1,71,135.23437452316284,0
10.50.211.217,108.177.97.188,6,55175,5228,2023-05-30 14:03:42,0,1,0,0,1,0,0,0,1,41,45.069276332855225,0
108.177.97.188,10.50.211.217,6,5228,55175,2023-05-30 14:03:42,0,0,0,0,1,0,0,0,0,52,45.07246780395508,0
170.114.52.5,10.50.211.217,6,443,55337,2023-05-30 14:03:47,0,1,0,0,1,0,0,0,1,40,5.107883930206299,0
10.50.211.217,170.114.52.5,6,55337,443,2023-05-30 14:03:47,0,1,0,0,1,0,0,0,1,40,5.1221537590026855,0
170.114.15.96,10.50.211.217,6,443,54900,2023-05-30 14:03:54,0,1,0,0,1,0,0,0,1,40,16.02682137489319,0
10.50.211.217,170.114.15.96,6,54900,443,2023-05-30 14:03:54,0,0,0,0,1,0,0,0,0,40,0.2372045516967773,0
10.50.211.217,20.43.132.130,6,55506,443,2023-05-30 14:03:56,0,1,0,0,1,0,0,0,1,41,45.00509476661682,0
170.114.52.5,10.50.211.217,6,443,55337,2023-05-30 14:03:57,0,1,0,0,1,0,0,0,1,40,5.105070352554321,0
10.50.211.217,170.114.52.5,6,55337,443,2023-05-30 14:03:57,0,1,0,0,1,0,0,0,1,40,5.184017658233643,0
10.50.211.217,35.174.127.31,6,55375,443,2023-05-30 14:04:00,0,1,0,1,1,0,0,0,1,288,16.50170350074768,0
35.174.127.31,10.50.211.217,6,443,55375,2023-05-30 14:04:00,0,1,0,1,1,0,0,0,1,309,16.771840572357178,0
10.50.211.217,27.0.238.92,6,54943,443,2023-05-30 14:04:05,0,1,0,0,1,0,0,0,1,40,41.505774974823,0
170.114.52.5,10.50.211.217,6,443,55337,2023-05-30 14:04:07,0,1,0,0,1,0,0,0,1,40,5.118981599807739,0
10.50.211.217,170.114.52.5,6,55337,443,2023-05-30 14:04:07,0,1,0,0,1,0,0,0,1,40,5.116905450820923,0
